session_id,image_path,image_group,frame_id,detection_id,source_type,class_id,class_name,confidence,old_status,new_status,old_reject_reason,new_reject_reason,original_class_id,original_class_name,new_class_id,new_class_name,corrected_class_id,corrected_class_name,class_corrected_by_color,correction_reason,color_correction_score,review_candidate,review_reason,mask_density,mask_area,box_area,red_ratio,orange_ratio,warm_ratio,green_yellow_ratio,bbox_x,bbox_y,bbox_w,bbox_h,promoted_by_policy,promotion_reason,heuristic_type,anchor_detection_id,anchor_bunch_class,anchor_bunch_confidence,child_detection_ids,child_count,weak_child_count,strong_child_count,weighted_child_count,ripe_evidence_score,unripe_evidence_score,dominant_maturity,heuristic_score,bbox_source
session_20260630_103628,images_ok_raw/ok_20260630_103644_000003.jpg,images_ok_raw,3,7,model,2,unripe,0.87235,weak,color_corrected,weak/noise bad_color gy=0.08,unripe_to_ripe_by_mask_color,2,unripe,1,ripe,1,ripe,True,unripe_to_ripe_by_mask_color,0.840467,False,,0.6875,17600.0,24018.9375,0.0,0.918288,0.918288,0.077821,339.0625,312.625,151.0625,159.0,False,,,,,,,,,,,,,,,
session_20260630_103628,images_ok_raw/ok_20260630_103645_000004.jpg,images_ok_raw,4,2,model,2,unripe,0.914901,strong,color_corrected,,unripe_to_ripe_by_mask_color,2,unripe,1,ripe,1,ripe,True,unripe_to_ripe_by_mask_color,0.792373,False,,0.736842,16128.0,19718.4375,0.029661,0.855932,0.885593,0.09322,356.6875,312.5625,142.5,138.375,False,,,,,,,,,,,,,,,
session_20260630_103628,images_ok_raw/ok_20260630_103646_000005.jpg,images_ok_raw,5,9,model,2,unripe,0.836555,weak,color_corrected,weak/noise conf 0.84<0.85 bad_color gy=0.05,unripe_to_ripe_by_mask_color,2,unripe,1,ripe,1,ripe,True,unripe_to_ripe_by_mask_color,0.887446,False,,0.710526,15552.0,19774.570312,0.025974,0.91342,0.939394,0.051948,516.65625,434.03125,141.53125,139.71875,False,,,,,,,,,,,,,,,
session_20260630_103628,images_ok_raw/ok_20260630_103647_000006.jpg,images_ok_raw,6,7,model,2,unripe,0.924689,weak,color_corrected,weak/noise bad_color gy=0.05,unripe_to_ripe_by_mask_color,2,unripe,1,ripe,1,ripe,True,unripe_to_ripe_by_mask_color,0.939815,False,,0.807407,13952.0,16805.347656,0.0,0.990741,0.990741,0.050926,514.21875,600.21875,140.59375,119.53125,False,,,,,,,,,,,,,,,
session_20260630_103628,images_ok_raw/ok_20260630_103649_000008.jpg,images_ok_raw,8,5,model,2,unripe,0.877479,weak,color_corrected,weak/noise bad_color gy=0.07,unripe_to_ripe_by_mask_color,2,unripe,1,ripe,1,ripe,True,unripe_to_ripe_by_mask_color,0.917355,False,,0.716374,15680.0,19407.09375,0.004132,0.979339,0.983471,0.066116,548.1875,217.0625,140.25,138.375,False,,,,,,,,,,,,,,,
session_20260630_103628,images_ok_raw/ok_20260630_103653_000011.jpg,images_ok_raw,11,4,model,2,unripe,0.674908,weak,color_corrected,weak/noise conf 0.67<0.85 bad_color gy=0.05,unripe_to_ripe_by_mask_color,2,unripe,1,ripe,1,ripe,True,unripe_to_ripe_by_mask_color,0.7678579999999999,False,,0.70979,12992.0,16459.523438,0.416667,0.404762,0.821429,0.053571,0.0,456.75,80.4375,204.625,False,,,,,,,,,,,,,,,
session_20260630_103628,images_ok_raw/ok_20260630_103654_000012.jpg,images_ok_raw,12,4,model,2,unripe,0.851956,weak,color_corrected,weak/noise bad_color gy=0.00,unripe_to_ripe_by_mask_color,2,unripe,1,ripe,1,ripe,True,unripe_to_ripe_by_mask_color,0.957447,False,,0.692308,6336.0,7574.238281,0.87234,0.085106,0.957447,0.0,329.4375,151.75,99.375,76.21875,False,,,,,,,,,,,,,,,
session_20260630_103628,images_ok_raw/ok_20260630_103654_000012.jpg,images_ok_raw,12,13,model,2,unripe,0.677474,weak,color_corrected,weak/noise conf 0.68<0.85 bad_color gy=0.02,unripe_to_ripe_by_mask_color,2,unripe,1,ripe,1,ripe,True,unripe_to_ripe_by_mask_color,0.852459,False,,0.636364,4480.0,5377.011719,0.114754,0.754098,0.868852,0.016393,225.59375,239.9375,73.375,73.28125,False,,,,,,,,,,,,,,,
session_20260630_103628,images_ok_raw/ok_20260630_103655_000013.jpg,images_ok_raw,13,2,model,2,unripe,0.836555,weak,color_corrected,weak/noise conf 0.84<0.85 bad_color gy=0.00,unripe_to_ripe_by_mask_color,2,unripe,1,ripe,1,ripe,True,unripe_to_ripe_by_mask_color,0.960526,False,,0.630769,5248.0,6360.449219,0.868421,0.092105,0.960526,0.0,43.984375,167.4375,92.515625,68.75,False,,,,,,,,,,,,,,,
session_20260630_103628,images_ok_raw/ok_20260630_103655_000013.jpg,images_ok_raw,13,6,model,2,unripe,0.81048,weak,color_corrected,weak/noise conf 0.81<0.85 bad_color gy=0.00,unripe_to_ripe_by_mask_color,2,unripe,1,ripe,1,ripe,True,unripe_to_ripe_by_mask_color,0.98,False,,0.6625,3392.0,3474.421631,0.98,0.0,0.98,0.0,686.21875,478.40625,68.609375,50.640625,False,,,,,,,,,,,,,,,
session_20260630_103628,images_ok_raw/ok_20260630_103656_000014.jpg,images_ok_raw,14,2,model,2,unripe,0.850964,weak,color_corrected,weak/noise bad_color gy=0.00,unripe_to_ripe_by_mask_color,2,unripe,1,ripe,1,ripe,True,unripe_to_ripe_by_mask_color,0.975309,False,,0.638462,5312.0,6310.234375,0.641975,0.333333,0.975309,0.0,43.5625,166.40625,92.5,68.21875,False,,,,,,,,,,,,,,,
session_20260630_103628,images_ok_raw/ok_20260630_103656_000014.jpg,images_ok_raw,14,5,model,2,unripe,0.791821,weak,color_corrected,weak/noise conf 0.79<0.85 bad_color gy=0.00,unripe_to_ripe_by_mask_color,2,unripe,1,ripe,1,ripe,True,unripe_to_ripe_by_mask_color,0.981818,False,,0.6875,3520.0,3592.597656,0.963636,0.018182,0.981818,0.0,685.65625,476.25,68.59375,52.375,False,,,,,,,,,,,,,,,
session_20260630_103628,images_ok_raw/ok_20260630_103656_000014.jpg,images_ok_raw,14,12,model,2,unripe,0.564099,weak,color_corrected,weak/noise conf 0.56<0.85 bad_color gy=0.00,unripe_to_ripe_by_mask_color,2,unripe,1,ripe,1,ripe,True,unripe_to_ripe_by_mask_color,1.0,False,,0.633333,3648.0,4627.365234,0.964912,0.035088,1.0,0.0,49.15625,101.921875,63.375,73.015625,False,,,,,,,,,,,,,,,
session_20260630_103628,images_ok_raw/ok_20260630_103657_000015.jpg,images_ok_raw,15,9,model,2,unripe,0.760648,weak,color_corrected,weak/noise conf 0.76<0.85 bad_color gy=0.00,unripe_to_ripe_by_mask_color,2,unripe,1,ripe,1,ripe,True,unripe_to_ripe_by_mask_color,0.962963,False,,0.7,3584.0,3646.227051,0.87037,0.092593,0.962963,0.0,694.28125,463.0625,70.671875,51.59375,False,,,,,,,,,,,,,,,
session_20260630_103628,images_ok_raw/ok_20260630_103657_000015.jpg,images_ok_raw,15,11,model,2,unripe,0.720171,weak,color_corrected,weak/noise conf 0.72<0.85 bad_color gy=0.00,unripe_to_ripe_by_mask_color,2,unripe,1,ripe,1,ripe,True,unripe_to_ripe_by_mask_color,0.987805,False,,0.759259,5248.0,6411.738281,0.743902,0.243902,0.987805,0.0,56.96875,146.90625,93.6875,68.4375,False,,,,,,,,,,,,,,,
session_20260630_103628,images_ok_raw/ok_20260630_103658_000016.jpg,images_ok_raw,16,8,model,2,unripe,0.690977,weak,color_corrected,weak/noise conf 0.69<0.85 bad_color gy=0.00,unripe_to_ripe_by_mask_color,2,unripe,1,ripe,1,ripe,True,unripe_to_ripe_by_mask_color,0.980392,False,,0.675,3456.0,3934.40625,0.980392,0.0,0.980392,0.0,698.328125,247.546875,72.859375,54.0,False,,,,,,,,,,,,,,,
session_20260630_103628,images_ok_raw/ok_20260630_103658_000016.jpg,images_ok_raw,16,11,model,2,unripe,0.566978,weak,color_corrected,weak/noise conf 0.57<0.85 bad_color gy=0.07,unripe_to_ripe_by_mask_color,2,unripe,1,ripe,1,ripe,True,unripe_to_ripe_by_mask_color,0.85,False,,0.697917,4288.0,4972.869141,0.266667,0.65,0.916667,0.066667,27.53125,161.15625,56.8125,87.53125,False,,,,,,,,,,,,,,,
session_20260630_103628,images_ok_raw/ok_20260630_103700_000017.jpg,images_ok_raw,17,8,model,2,unripe,0.67405,weak,color_corrected,weak/noise conf 0.67<0.85 bad_color gy=0.00,unripe_to_ripe_by_mask_color,2,unripe,1,ripe,1,ripe,True,unripe_to_ripe_by_mask_color,0.980392,False,,0.6625,3392.0,3738.639648,0.960784,0.019608,0.980392,0.0,447.96875,278.328125,71.789062,52.078125,False,,,,,,,,,,,,,,,
session_20260630_103628,images_ok_raw/ok_20260630_103701_000018.jpg,images_ok_raw,18,2,model,2,unripe,0.817577,weak,color_corrected,weak/noise conf 0.82<0.85 bad_color gy=0.00,unripe_to_ripe_by_mask_color,2,unripe,1,ripe,1,ripe,True,unripe_to_ripe_by_mask_color,1.0,False,,0.6125,3136.0,3673.942383,1.0,0.0,1.0,0.0,473.625,479.921875,71.1875,51.609375,False,,,,,,,,,,,,,,,
session_20260630_103628,images_ok_raw/ok_20260630_103751_000041.jpg,images_ok_raw,41,1,model,2,unripe,0.837621,weak,color_corrected,weak/noise conf 0.84<0.85 bad_color gy=0.00,unripe_to_ripe_by_mask_color,2,unripe,1,ripe,1,ripe,True,unripe_to_ripe_by_mask_color,1.0,False,,0.678322,6208.0,7692.254883,0.85567,0.14433,1.0,0.0,541.34375,582.03125,93.84375,81.96875,False,,,,,,,,,,,,,,,
session_20260630_103628,images_ok_raw/ok_20260630_103751_000041.jpg,images_ok_raw,41,4,model,2,unripe,0.732591,weak,color_corrected,weak/noise conf 0.73<0.85 bad_color gy=0.07,unripe_to_ripe_by_mask_color,2,unripe,1,ripe,1,ripe,True,unripe_to_ripe_by_mask_color,0.8909090000000001,False,,0.611111,3520.0,4419.740234,0.036364,0.927273,0.963636,0.072727,559.34375,512.671875,61.265625,72.140625,False,,,,,,,,,,,,,,,
session_20260630_103628,images_ok_raw/ok_20260630_103753_000043.jpg,images_ok_raw,43,2,model,2,unripe,0.861536,weak,color_corrected,weak/noise bad_color gy=0.08,unripe_to_ripe_by_mask_color,2,unripe,1,ripe,1,ripe,True,unripe_to_ripe_by_mask_color,0.90909,False,,0.59375,8512.0,11706.21582,0.492424,0.492424,0.984848,0.075758,503.453125,473.25,113.171875,103.4375,False,,,,,,,,,,,,,,,
session_20260630_103628,images_ok_raw/ok_20260630_103753_000043.jpg,images_ok_raw,43,4,model,2,unripe,0.771842,weak,color_corrected,weak/noise conf 0.77<0.85 bad_color gy=0.00,unripe_to_ripe_by_mask_color,2,unripe,1,ripe,1,ripe,True,unripe_to_ripe_by_mask_color,1.0,False,,0.645833,5952.0,8482.630859,0.817204,0.182796,1.0,0.0,432.46875,529.3125,92.359375,91.84375,False,,,,,,,,,,,,,,,
session_20260630_103628,images_ok_raw/ok_20260630_103757_000047.jpg,images_ok_raw,47,4,model,2,unripe,0.866132,weak,color_corrected,weak/noise bad_color gy=0.07,unripe_to_ripe_by_mask_color,2,unripe,1,ripe,1,ripe,True,unripe_to_ripe_by_mask_color,0.929577,False,,0.645455,4544.0,5474.60498,0.056338,0.943662,1.0,0.070423,710.25,538.59375,70.328125,77.84375,False,,,,,,,,,,,,,,,
session_20260630_103628,images_ok_raw/ok_20260630_103757_000047.jpg,images_ok_raw,47,5,model,2,unripe,0.804406,weak,color_corrected,weak/noise conf 0.80<0.85 bad_color gy=0.00,unripe_to_ripe_by_mask_color,2,unripe,1,ripe,1,ripe,True,unripe_to_ripe_by_mask_color,1.0,False,,0.68718,8576.0,10718.707031,0.947761,0.052239,1.0,0.0,687.28125,620.15625,111.21875,96.375,False,,,,,,,,,,,,,,,
session_20260630_103628,images_ok_raw/ok_20260630_103758_000048.jpg,images_ok_raw,48,0,model,2,unripe,0.85585,weak,color_corrected,weak/noise bad_color gy=0.00,unripe_to_ripe_by_mask_color,2,unripe,1,ripe,1,ripe,True,unripe_to_ripe_by_mask_color,1.0,False,,0.704545,7936.0,9859.944336,0.927419,0.072581,1.0,0.0,317.765625,634.625,116.234375,84.828125,False,,,,,,,,,,,,,,,
session_20260630_103628,images_ok_raw/ok_20260630_103758_000048.jpg,images_ok_raw,48,2,model,2,unripe,0.795658,weak,color_corrected,weak/noise conf 0.80<0.85 bad_color gy=0.07,unripe_to_ripe_by_mask_color,2,unripe,1,ripe,1,ripe,True,unripe_to_ripe_by_mask_color,0.9166669999999999,False,,0.654545,4608.0,5584.508301,0.055556,0.930556,0.986111,0.069444,341.96875,555.09375,71.453125,78.15625,False,,,,,,,,,,,,,,,
session_20260630_103628,images_ok_raw/ok_20260630_103758_000048.jpg,images_ok_raw,48,8,model,2,unripe,0.672331,weak,color_corrected,weak/noise conf 0.67<0.85 bad_color gy=0.00,unripe_to_ripe_by_mask_color,2,unripe,1,ripe,1,ripe,True,unripe_to_ripe_by_mask_color,1.0,False,,0.685185,4736.0,5679.741211,0.445946,0.554054,1.0,0.0,1171.46875,109.4375,89.6875,63.328125,False,,,,,,,,,,,,,,,
session_20260630_103628,images_ok_raw/ok_20260630_103758_000048.jpg,images_ok_raw,48,10,model,2,unripe,0.569853,weak,color_corrected,weak/noise conf 0.57<0.85 bad_color gy=0.00,unripe_to_ripe_by_mask_color,2,unripe,1,ripe,1,ripe,True,unripe_to_ripe_by_mask_color,0.970588,False,,0.561983,4352.0,6154.05957,0.955882,0.014706,0.970588,0.0,1116.3125,53.59375,80.28125,76.65625,False,,,,,,,,,,,,,,,
session_20260630_103628,images_ok_raw/ok_20260630_103759_000049.jpg,images_ok_raw,49,2,model,2,unripe,0.87235,weak,color_corrected,weak/noise bad_color gy=0.04,unripe_to_ripe_by_mask_color,2,unripe,1,ripe,1,ripe,True,unripe_to_ripe_by_mask_color,0.9459449999999999,False,,0.685185,4736.0,5805.818359,0.391892,0.594595,0.986486,0.040541,918.5,113.90625,89.40625,64.9375,False,,,,,,,,,,,,,,,
session_20260630_103628,images_ok_raw/ok_20260630_103759_000049.jpg,images_ok_raw,49,7,model,2,unripe,0.767687,weak,color_corrected,weak/noise conf 0.77<0.85 bad_color gy=0.00,unripe_to_ripe_by_mask_color,2,unripe,1,ripe,1,ripe,True,unripe_to_ripe_by_mask_color,1.0,False,,0.725,7424.0,8518.168945,0.887931,0.112069,1.0,0.0,69.25,645.890625,116.5625,73.078125,False,,,,,,,,,,,,,,,
session_20260630_103628,images_ok_raw/ok_20260630_103759_000049.jpg,images_ok_raw,49,10,model,2,unripe,0.653127,weak,color_corrected,weak/noise conf 0.65<0.85 bad_color gy=0.00,unripe_to_ripe_by_mask_color,2,unripe,1,ripe,1,ripe,True,unripe_to_ripe_by_mask_color,1.0,False,,0.636364,4480.0,6011.588867,0.942029,0.057971,1.0,0.0,860.40625,61.25,83.421875,72.0625,False,,,,,,,,,,,,,,,
session_20260630_103628,images_ok_raw/ok_20260630_103802_000050.jpg,images_ok_raw,50,0,model,2,unripe,0.867934,weak,color_corrected,weak/noise bad_color gy=0.02,unripe_to_ripe_by_mask_color,2,unripe,1,ripe,1,ripe,True,unripe_to_ripe_by_mask_color,0.984925,False,,0.740741,12800.0,16023.164062,0.482412,0.517588,1.0,0.015075,808.0625,121.96875,143.625,111.5625,False,,,,,,,,,,,,,,,
session_20260630_103628,images_ok_raw/ok_20260630_103803_000051.jpg,images_ok_raw,51,1,model,2,unripe,0.87579,weak,color_corrected,weak/noise bad_color gy=0.03,unripe_to_ripe_by_mask_color,2,unripe,1,ripe,1,ripe,True,unripe_to_ripe_by_mask_color,0.972477,False,,0.605556,6976.0,8614.204102,0.495413,0.504587,1.0,0.027523,757.90625,287.4375,106.71875,80.71875,False,,,,,,,,,,,,,,,
session_20260630_103628,images_ok_raw/ok_20260630_103805_000052.jpg,images_ok_raw,52,1,model,2,unripe,0.868828,weak,color_corrected,weak/noise bad_color gy=0.01,unripe_to_ripe_by_mask_color,2,unripe,1,ripe,1,ripe,True,unripe_to_ripe_by_mask_color,0.985915,False,,0.717172,4544.0,5385.904297,0.408451,0.591549,1.0,0.014085,976.484375,299.703125,84.921875,63.421875,False,,,,,,,,,,,,,,,
session_20260630_103628,images_ok_raw/ok_20260630_103805_000052.jpg,images_ok_raw,52,3,model,2,unripe,0.825588,weak,color_corrected,weak/noise conf 0.83<0.85 bad_color gy=0.01,unripe_to_ripe_by_mask_color,2,unripe,1,ripe,1,ripe,True,unripe_to_ripe_by_mask_color,0.970588,False,,0.583333,4480.0,5931.536133,0.941176,0.044118,0.985294,0.014706,917.8125,245.46875,82.6875,71.734375,False,,,,,,,,,,,,,,,
session_20260630_103628,images_ok_raw/ok_20260630_103813_000056.jpg,images_ok_raw,56,1,model,2,unripe,0.774583,weak,color_corrected,weak/noise conf 0.77<0.85 bad_color gy=0.00,unripe_to_ripe_by_mask_color,2,unripe,1,ripe,1,ripe,True,unripe_to_ripe_by_mask_color,1.0,False,,0.644444,3712.0,4665.150391,0.157895,0.842105,1.0,0.0,619.203125,418.59375,69.515625,67.109375,False,,,,,,,,,,,,,,,
session_20260630_103628,images_ok_raw/ok_20260630_103814_000057.jpg,images_ok_raw,57,1,model,2,unripe,0.757793,weak,color_corrected,weak/noise conf 0.76<0.85 bad_color gy=0.00,unripe_to_ripe_by_mask_color,2,unripe,1,ripe,1,ripe,True,unripe_to_ripe_by_mask_color,0.982759,False,,0.58,3712.0,4679.560547,0.103448,0.87931,0.982759,0.0,836.46875,414.5625,69.375,67.453125,False,,,,,,,,,,,,,,,
session_20260630_103628,images_ok_raw/ok_20260630_103814_000057.jpg,images_ok_raw,57,4,model,2,unripe,0.677474,weak,color_corrected,weak/noise conf 0.68<0.85 bad_color gy=0.00,unripe_to_ripe_by_mask_color,2,unripe,1,ripe,1,ripe,True,unripe_to_ripe_by_mask_color,1.0,False,,0.63,4032.0,5201.542969,0.968254,0.031746,1.0,0.0,775.5625,382.125,71.4375,72.8125,False,,,,,,,,,,,,,,,
session_20260630_103628,images_ok_raw/ok_20260630_103814_000057.jpg,images_ok_raw,57,6,model,2,unripe,0.588889,weak,color_corrected,weak/noise conf 0.59<0.85 bad_color gy=0.00,unripe_to_ripe_by_mask_color,2,unripe,1,ripe,1,ripe,True,unripe_to_ripe_by_mask_color,0.969231,False,,0.65,4160.0,4953.718262,0.892308,0.076923,0.969231,0.0,764.296875,539.84375,70.234375,70.53125,False,,,,,,,,,,,,,,,
session_20260630_103628,images_ok_raw/ok_20260630_103836_000059.jpg,images_ok_raw,59,2,model,2,unripe,0.665411,weak,color_corrected,weak/noise conf 0.67<0.85,unripe_to_ripe_by_mask_color,2,unripe,1,ripe,1,ripe,True,unripe_to_ripe_by_mask_color,0.818182,False,,0.643939,5440.0,6583.725586,0.792208,0.116883,0.909091,0.090909,567.625,550.25,77.171875,85.3125,False,,,,,,,,,,,,,,,
session_20260630_103628,images_ok_raw/ok_20260630_103837_000060.jpg,images_ok_raw,60,1,model,2,unripe,0.886417,strong,color_corrected,,unripe_to_ripe_by_mask_color,2,unripe,1,ripe,1,ripe,True,unripe_to_ripe_by_mask_color,0.7881360000000001,False,,0.672222,7744.0,10152.091797,0.711864,0.186441,0.898305,0.110169,560.6875,446.3125,113.3125,89.59375,False,,,,,,,,,,,,,,,
session_20260630_103628,images_ok_raw/ok_20260630_103837_000060.jpg,images_ok_raw,60,3,model,2,unripe,0.854884,strong,color_corrected,,unripe_to_ripe_by_mask_color,2,unripe,1,ripe,1,ripe,True,unripe_to_ripe_by_mask_color,0.7023809999999999,False,,0.725,5568.0,6649.513184,0.690476,0.166667,0.857143,0.154762,832.015625,347.40625,76.734375,86.65625,False,,,,,,,,,,,,,,,
session_20260630_103628,images_ok_raw/ok_20260630_103838_000061.jpg,images_ok_raw,61,2,model,2,unripe,0.901923,strong,color_corrected,,unripe_to_ripe_by_mask_color,2,unripe,1,ripe,1,ripe,True,unripe_to_ripe_by_mask_color,0.748634,False,,0.685185,11840.0,14915.3125,0.601093,0.273224,0.874317,0.125683,546.1875,462.1875,135.59375,110.0,False,,,,,,,,,,,,,,,
session_20260630_103628,images_ok_raw/ok_20260630_103838_000061.jpg,images_ok_raw,61,3,model,2,unripe,0.887981,strong,color_corrected,,unripe_to_ripe_by_mask_color,2,unripe,1,ripe,1,ripe,True,unripe_to_ripe_by_mask_color,0.784483,False,,0.681319,7936.0,9660.46875,0.603448,0.284483,0.887931,0.103448,871.625,344.96875,92.5,104.4375,False,,,,,,,,,,,,,,,
session_20260630_103628,images_ok_raw/ok_20260630_103839_000062.jpg,images_ok_raw,62,1,model,2,unripe,0.917305,strong,color_corrected,,unripe_to_ripe_by_mask_color,2,unripe,1,ripe,1,ripe,True,unripe_to_ripe_by_mask_color,0.792332,False,,0.729545,20544.0,25395.035156,0.648562,0.252396,0.900958,0.108626,509.6875,503.4375,169.9375,149.4375,False,,,,,,,,,,,,,,,
session_20260630_103628,images_ok_raw/ok_20260630_103839_000062.jpg,images_ok_raw,62,3,model,2,unripe,0.743169,weak,color_corrected,weak/noise conf 0.74<0.85,unripe_to_ripe_by_mask_color,2,unripe,1,ripe,1,ripe,True,unripe_to_ripe_by_mask_color,0.48000000000000004,False,,0.683007,53504.0,72351.867188,0.2275,0.5625,0.79,0.31,518.75,201.0,274.125,263.9375,False,,,,,,,,,,,,,,,
session_20260630_103628,images_ok_raw/ok_20260630_103839_000062.jpg,images_ok_raw,62,7,model,2,unripe,0.566978,weak,color_corrected,weak/noise conf 0.57<0.85,unripe_to_ripe_by_mask_color,2,unripe,1,ripe,1,ripe,True,unripe_to_ripe_by_mask_color,0.681416,False,,0.733746,15168.0,18701.453125,0.575221,0.261062,0.836283,0.154867,955.90625,339.75,128.78125,145.21875,False,,,,,,,,,,,,,,,
session_20260630_103628,images_ok_raw/ok_20260630_103840_000063.jpg,images_ok_raw,63,2,model,2,unripe,0.769078,weak,color_corrected,weak/noise conf 0.77<0.85,unripe_to_ripe_by_mask_color,2,unripe,1,ripe,1,ripe,True,unripe_to_ripe_by_mask_color,0.756923,False,,0.740909,20864.0,25842.320312,0.633846,0.252308,0.886154,0.129231,217.46875,531.96875,172.03125,150.21875,False,,,,,,,,,,,,,,,
session_20260630_103628,images_ok_raw/ok_20260630_103840_000063.jpg,images_ok_raw,63,5,model,2,unripe,0.68342,weak,color_corrected,weak/noise conf 0.68<0.85,unripe_to_ripe_by_mask_color,2,unripe,1,ripe,1,ripe,True,unripe_to_ripe_by_mask_color,0.528895,False,,0.685714,52224.0,73006.992188,0.231156,0.580402,0.811558,0.282663,212.875,226.5,273.5625,266.875,False,,,,,,,,,,,,,,,
session_20260630_103628,images_ok_raw/ok_20260630_103841_000064.jpg,images_ok_raw,64,4,model,2,unripe,0.655778,weak,color_corrected,weak/noise conf 0.66<0.85,unripe_to_ripe_by_mask_color,2,unripe,1,ripe,1,ripe,True,unripe_to_ripe_by_mask_color,0.633334,False,,0.754121,35136.0,42862.734375,0.387037,0.453704,0.840741,0.207407,205.5,519.4375,215.59375,198.8125,False,,,,,,,,,,,,,,,
session_20260630_103628,images_ok_raw/ok_20260630_103841_000064.jpg,images_ok_raw,64,8,model,2,unripe,0.532182,weak,color_corrected,weak/noise conf 0.53<0.85,unripe_to_ripe_by_mask_color,2,unripe,1,ripe,1,ripe,True,unripe_to_ripe_by_mask_color,0.38582600000000006,False,,0.748663,8960.0,10654.176758,0.393701,0.307087,0.700787,0.314961,650.71875,636.46875,128.21875,83.09375,False,,,,,,,,,,,,,,,
session_20260630_103628,images_ok_raw/ok_20260630_103843_000066.jpg,images_ok_raw,66,3,model,2,unripe,0.894791,weak,color_corrected,weak/noise bad_color gy=0.04,unripe_to_ripe_by_mask_color,2,unripe,1,ripe,1,ripe,True,unripe_to_ripe_by_mask_color,0.95858,False,,0.722222,10816.0,13973.894531,0.39645,0.60355,1.0,0.04142,891.8125,32.03125,135.875,102.84375,False,,,,,,,,,,,,,,,
session_20260630_103628,images_ok_raw/ok_20260630_103844_000067.jpg,images_ok_raw,67,1,model,2,unripe,0.896254,weak,color_corrected,weak/noise bad_color gy=0.05,unripe_to_ripe_by_mask_color,2,unripe,1,ripe,1,ripe,True,unripe_to_ripe_by_mask_color,0.9411769999999999,False,,0.726496,10880.0,13741.523438,0.258824,0.735294,0.994118,0.052941,799.875,33.125,135.71875,101.25,False,,,,,,,,,,,,,,,
session_20260630_103628,images_ok_raw/ok_20260630_103845_000068.jpg,images_ok_raw,68,1,model,2,unripe,0.90123,weak,color_corrected,weak/noise bad_color gy=0.02,unripe_to_ripe_by_mask_color,2,unripe,1,ripe,1,ripe,True,unripe_to_ripe_by_mask_color,0.9684219999999999,False,,0.719697,12160.0,14670.583984,0.284211,0.7,0.984211,0.015789,533.6875,1.8125,166.0625,88.34375,False,,,,,,,,,,,,,,,
session_20260630_103628,images_ok_raw/ok_20260630_103846_000069.jpg,images_ok_raw,69,4,model,2,unripe,0.912434,weak,color_corrected,weak/noise bad_color gy=0.04,unripe_to_ripe_by_mask_color,2,unripe,1,ripe,1,ripe,True,unripe_to_ripe_by_mask_color,0.955285,False,,0.691877,15808.0,20422.021484,0.300813,0.699187,1.0,0.044715,530.8125,143.6875,162.96875,125.3125,False,,,,,,,,,,,,,,,
session_20260630_103628,images_ok_raw/ok_20260630_103847_000070.jpg,images_ok_raw,70,4,model,2,unripe,0.920793,weak,color_corrected,weak/noise bad_color gy=0.04,unripe_to_ripe_by_mask_color,2,unripe,1,ripe,1,ripe,True,unripe_to_ripe_by_mask_color,0.958159,False,,0.746875,15296.0,19030.375,0.297071,0.698745,0.995816,0.037657,528.0625,335.007812,159.34375,119.429688,False,,,,,,,,,,,,,,,
session_20260630_103628,images_ok_raw/ok_20260630_103848_000071.jpg,images_ok_raw,71,4,model,2,unripe,0.929948,weak,color_corrected,weak/noise bad_color gy=0.06,unripe_to_ripe_by_mask_color,2,unripe,1,ripe,1,ripe,True,unripe_to_ripe_by_mask_color,0.9297529999999999,False,,0.72619,15616.0,19354.058594,0.330579,0.661157,0.991736,0.061983,527.375,334.882812,160.625,120.492188,False,,,,,,,,,,,,,,,
session_20260630_103628,images_ok_raw/ok_20260630_103849_000072.jpg,images_ok_raw,72,1,model,2,unripe,0.871477,strong,color_corrected,,unripe_to_ripe_by_mask_color,2,unripe,1,ripe,1,ripe,True,unripe_to_ripe_by_mask_color,0.8851680000000001,False,,0.83004,13440.0,15284.077148,0.4689,0.516746,0.985646,0.100478,386.0625,634.671875,181.3125,84.296875,False,,,,,,,,,,,,,,,
session_20260630_103628,images_ok_raw/ok_20260630_103849_000072.jpg,images_ok_raw,72,3,model,2,unripe,0.879973,weak,color_corrected,weak/noise bad_color gy=0.00,unripe_to_ripe_by_mask_color,2,unripe,1,ripe,1,ripe,True,unripe_to_ripe_by_mask_color,0.992337,False,,0.654135,16704.0,23175.171875,0.900383,0.091954,0.992337,0.0,297.125,518.34375,165.5,140.03125,False,,,,,,,,,,,,,,,
session_20260630_103628,images_ok_raw/ok_20260630_103852_000073.jpg,images_ok_raw,73,0,model,2,unripe,0.806853,weak,color_corrected,weak/noise conf 0.81<0.85 bad_color gy=0.04,unripe_to_ripe_by_mask_color,2,unripe,1,ripe,1,ripe,True,unripe_to_ripe_by_mask_color,0.9368420000000001,False,,0.659722,6080.0,7153.162598,0.705263,0.273684,0.978947,0.042105,663.40625,256.78125,81.15625,88.140625,False,,,,,,,,,,,,,,,
session_20260630_103628,images_ok_raw/ok_20260630_103853_000074.jpg,images_ok_raw,74,1,model,2,unripe,0.827826,weak,color_corrected,weak/noise conf 0.83<0.85 bad_color gy=0.05,unripe_to_ripe_by_mask_color,2,unripe,1,ripe,1,ripe,True,unripe_to_ripe_by_mask_color,0.945055,False,,0.69697,5888.0,6840.480469,0.802198,0.197802,1.0,0.054945,665.96875,180.0,79.65625,85.875,False,,,,,,,,,,,,,,,
session_20260630_103628,images_ok_raw/ok_20260630_103856_000075.jpg,images_ok_raw,75,0,model,2,unripe,0.887981,weak,color_corrected,weak/noise bad_color gy=0.08,unripe_to_ripe_by_mask_color,2,unripe,1,ripe,1,ripe,True,unripe_to_ripe_by_mask_color,0.884956,False,,0.678571,7296.0,8341.21582,0.707965,0.256637,0.964602,0.079646,631.65625,271.5625,85.46875,97.59375,False,,,,,,,,,,,,,,,
session_20260630_103628,images_ok_raw/ok_20260630_103920_000089.jpg,images_ok_raw,89,4,model,2,unripe,0.782663,weak,color_corrected,weak/noise conf 0.78<0.85 bad_color gy=0.07,unripe_to_ripe_by_mask_color,2,unripe,1,ripe,1,ripe,True,unripe_to_ripe_by_mask_color,0.885416,False,,0.727273,6144.0,6778.25293,0.78125,0.177083,0.958333,0.072917,594.21875,261.8125,79.4375,85.328125,False,,,,,,,,,,,,,,,
session_20260630_103628,images_ok_raw/ok_20260630_103924_000091.jpg,images_ok_raw,91,1,model,2,unripe,0.743169,weak,color_corrected,weak/noise conf 0.74<0.85 bad_color gy=0.02,unripe_to_ripe_by_mask_color,2,unripe,1,ripe,1,ripe,True,unripe_to_ripe_by_mask_color,0.97561,False,,0.722222,15808.0,19005.087891,0.849594,0.150407,1.0,0.02439,23.4375,293.6875,139.375,136.359375,False,,,,,,,,,,,,,,,
session_20260630_103628,images_ok_raw/ok_20260630_103926_000093.jpg,images_ok_raw,93,1,model,2,unripe,0.90731,strong,color_corrected,,unripe_to_ripe_by_mask_color,2,unripe,1,ripe,1,ripe,True,unripe_to_ripe_by_mask_color,0.6464639999999999,False,,0.737037,12736.0,15059.380859,0.0,0.924242,0.924242,0.277778,484.375,569.71875,111.0625,135.59375,False,,,,,,,,,,,,,,,
session_20260630_103628,images_ok_raw/ok_20260630_103931_000095.jpg,images_ok_raw,95,2,model,2,unripe,0.699254,weak,color_corrected,weak/noise conf 0.70<0.85,unripe_to_ripe_by_mask_color,2,unripe,1,ripe,1,ripe,True,unripe_to_ripe_by_mask_color,0.555556,False,,0.680556,3136.0,3708.417969,0.444444,0.222222,0.666667,0.111111,760.15625,370.0625,65.78125,56.375,False,,,,,,,,,,,,,,,
session_20260630_103628,images_ok_raw/ok_20260630_103934_000097.jpg,images_ok_raw,97,3,model,2,unripe,0.654895,weak,color_corrected,weak/noise conf 0.65<0.85 bad_color gy=0.03,unripe_to_ripe_by_mask_color,2,unripe,1,ripe,1,ripe,True,unripe_to_ripe_by_mask_color,0.6896549999999999,False,,0.708333,3264.0,3656.237793,0.517241,0.206897,0.724138,0.034483,770.0,366.90625,64.109375,57.03125,False,,,,,,,,,,,,,,,
session_20260630_103628,images_ok_raw/ok_20260630_103935_000098.jpg,images_ok_raw,98,4,model,2,unripe,0.640635,weak,color_corrected,weak/noise conf 0.64<0.85 bad_color gy=0.04,unripe_to_ripe_by_mask_color,2,unripe,1,ripe,1,ripe,True,unripe_to_ripe_by_mask_color,0.75,False,,0.694444,3200.0,3666.265625,0.666667,0.125,0.791667,0.041667,777.84375,368.640625,64.25,57.0625,False,,,,,,,,,,,,,,,
session_20260630_103628,images_ok_raw/ok_20260630_103937_000099.jpg,images_ok_raw,99,1,model,2,unripe,0.886417,weak,color_corrected,weak/noise bad_color gy=0.03,unripe_to_ripe_by_mask_color,2,unripe,1,ripe,1,ripe,True,unripe_to_ripe_by_mask_color,0.890625,False,,0.690909,4864.0,5497.883789,0.015625,0.90625,0.921875,0.03125,397.28125,21.21875,73.03125,75.28125,False,,,,,,,,,,,,,,,
session_20260630_103628,images_ok_raw/ok_20260630_103937_000099.jpg,images_ok_raw,99,3,model,2,unripe,0.633411,weak,color_corrected,weak/noise conf 0.63<0.85 bad_color gy=0.04,unripe_to_ripe_by_mask_color,2,unripe,1,ripe,1,ripe,True,unripe_to_ripe_by_mask_color,0.666667,False,,0.694444,3200.0,3850.125488,0.518519,0.185185,0.703704,0.037037,760.75,424.28125,66.203125,58.15625,False,,,,,,,,,,,,,,,
session_20260630_103628,images_ok_raw/ok_20260630_103938_000100.jpg,images_ok_raw,100,2,model,2,unripe,0.884835,weak,color_corrected,weak/noise bad_color gy=0.00,unripe_to_ripe_by_mask_color,2,unripe,1,ripe,1,ripe,True,unripe_to_ripe_by_mask_color,0.9,False,,0.69,4416.0,5292.117188,0.033333,0.866667,0.9,0.0,395.03125,393.421875,71.5,74.015625,False,,,,,,,,,,,,,,,
session_20260630_103628,images_ok_raw/ok_20260630_103943_000105.jpg,images_ok_raw,105,5,model,2,unripe,0.923591,weak,color_corrected,weak/noise bad_color gy=0.06,unripe_to_ripe_by_mask_color,2,unripe,1,ripe,1,ripe,True,unripe_to_ripe_by_mask_color,0.8990830000000001,False,,0.748366,14656.0,17703.90625,0.0,0.963303,0.963303,0.06422,664.5,401.8125,131.75,134.375,False,,,,,,,,,,,,,,,
session_20260630_103628,images_ok_raw/ok_20260630_103945_000106.jpg,images_ok_raw,106,5,model,2,unripe,0.939916,weak,color_corrected,weak/noise bad_color gy=0.00,unripe_to_ripe_by_mask_color,2,unripe,1,ripe,1,ripe,True,unripe_to_ripe_by_mask_color,0.946429,False,,0.7825,20032.0,24566.080078,0.021429,0.928571,0.95,0.003571,666.9375,408.234375,154.125,159.390625,False,,,,,,,,,,,,,,,
session_20260630_103628,images_ok_raw/ok_20260630_103946_000107.jpg,images_ok_raw,107,3,model,2,unripe,0.929948,weak,color_corrected,weak/noise bad_color gy=0.01,unripe_to_ripe_by_mask_color,2,unripe,1,ripe,1,ripe,True,unripe_to_ripe_by_mask_color,0.9273610000000001,False,,0.755,28992.0,36082.03125,0.024213,0.912833,0.937046,0.009685,673.1875,418.5625,187.5,192.4375,False,,,,,,,,,,,,,,,
session_20260630_103628,images_ok_raw/ok_20260630_103947_000108.jpg,images_ok_raw,108,2,model,2,unripe,0.954645,weak,color_corrected,weak/noise bad_color gy=0.00,unripe_to_ripe_by_mask_color,2,unripe,1,ripe,1,ripe,True,unripe_to_ripe_by_mask_color,0.954217,False,,0.707692,29440.0,36533.65625,0.014458,0.942169,0.956627,0.00241,1013.75,87.875,188.5,193.8125,False,,,,,,,,,,,,,,,
session_20260630_103628,images_ok_raw/ok_20260630_103948_000109.jpg,images_ok_raw,109,2,model,2,unripe,0.950414,weak,color_corrected,weak/noise bad_color gy=0.00,unripe_to_ripe_by_mask_color,2,unripe,1,ripe,1,ripe,True,unripe_to_ripe_by_mask_color,0.950617,False,,0.712308,29632.0,36654.492188,0.037037,0.91358,0.950617,0.0,1013.5625,87.75,189.0625,193.875,False,,,,,,,,,,,,,,,
session_20260630_103628,images_ok_raw/ok_20260630_103949_000110.jpg,images_ok_raw,110,4,model,2,unripe,0.925768,weak,color_corrected,weak/noise bad_color gy=0.00,unripe_to_ripe_by_mask_color,2,unripe,1,ripe,1,ripe,True,unripe_to_ripe_by_mask_color,0.950739,False,,0.712963,14784.0,18105.65625,0.039409,0.916256,0.955665,0.004926,901.3125,170.3125,133.375,135.75,False,,,,,,,,,,,,,,,
session_20260630_103628,images_ok_raw/ok_20260630_103950_000111.jpg,images_ok_raw,111,3,model,2,unripe,0.895525,weak,color_corrected,weak/noise bad_color gy=0.01,unripe_to_ripe_by_mask_color,2,unripe,1,ripe,1,ripe,True,unripe_to_ripe_by_mask_color,0.928571,False,,0.637755,8000.0,9794.80957,0.017857,0.919643,0.9375,0.008929,1046.21875,206.0,98.90625,99.03125,False,,,,,,,,,,,,,,,
session_20260630_103628,images_ok_raw/ok_20260630_103951_000112.jpg,images_ok_raw,112,3,model,2,unripe,0.920793,weak,color_corrected,weak/noise bad_color gy=0.01,unripe_to_ripe_by_mask_color,2,unripe,1,ripe,1,ripe,True,unripe_to_ripe_by_mask_color,0.9056599999999999,False,,0.715976,7744.0,9280.335938,0.04717,0.867925,0.915094,0.009434,452.03125,225.53125,92.6875,100.125,False,,,,,,,,,,,,,,,
session_20260630_103628,images_ok_raw/ok_20260630_103953_000114.jpg,images_ok_raw,114,1,model,2,unripe,0.817577,weak,color_corrected,weak/noise conf 0.82<0.85 bad_color gy=0.08,unripe_to_ripe_by_mask_color,2,unripe,1,ripe,1,ripe,True,unripe_to_ripe_by_mask_color,0.796875,False,,0.681818,5760.0,6682.478516,0.375,0.5,0.875,0.078125,487.46875,186.3125,83.875,79.671875,False,,,,,,,,,,,,,,,
session_20260630_103628,images_ok_raw/ok_20260630_103958_000119.jpg,images_ok_raw,119,0,model,2,unripe,0.846959,weak,color_corrected,weak/noise conf 0.85<0.85,unripe_to_ripe_by_mask_color,2,unripe,1,ripe,1,ripe,True,unripe_to_ripe_by_mask_color,0.5625,False,,0.690909,4864.0,5640.541992,0.4375,0.291667,0.729167,0.166667,458.6875,356.15625,78.5625,71.796875,False,,,,,,,,,,,,,,,
session_20260630_103628,images_ok_raw/ok_20260630_104009_000120.jpg,images_ok_raw,120,8,model,2,unripe,0.764889,weak,color_corrected,weak/noise conf 0.76<0.85,unripe_to_ripe_by_mask_color,2,unripe,1,ripe,1,ripe,True,unripe_to_ripe_by_mask_color,0.62069,False,,0.612245,1920.0,2142.927246,0.0,0.862069,0.862069,0.241379,744.265625,389.453125,49.78125,43.046875,False,,,,,,,,,,,,,,,
session_20260630_103628,images_ok_raw/ok_20260630_104013_000124.jpg,images_ok_raw,124,9,model,2,unripe,0.685108,weak,color_corrected,weak/noise conf 0.69<0.85 bad_color gy=0.03,unripe_to_ripe_by_mask_color,2,unripe,1,ripe,1,ripe,True,unripe_to_ripe_by_mask_color,0.961538,False,,0.661157,5120.0,6666.150879,0.192308,0.794872,0.987179,0.025641,543.90625,209.125,78.5625,84.851562,False,,,,,,,,,,,,,,,
session_20260630_103628,images_ok_raw/ok_20260630_104015_000125.jpg,images_ok_raw,125,8,model,2,unripe,0.656659,weak,color_corrected,weak/noise conf 0.66<0.85 bad_color gy=0.04,unripe_to_ripe_by_mask_color,2,unripe,1,ripe,1,ripe,True,unripe_to_ripe_by_mask_color,0.857143,False,,0.6625,3392.0,3722.917236,0.897959,0.0,0.897959,0.040816,1062.96875,20.578125,65.046875,57.234375,False,,,,,,,,,,,,,,,
session_20260630_103628,images_weak_noise_raw/weak_20260630_103656_000012.jpg,images_weak_noise_raw,141,1,model,2,unripe,0.842865,weak,color_corrected,weak/noise conf 0.84<0.85 bad_color gy=0.01,unripe_to_ripe_by_mask_color,2,unripe,1,ripe,1,ripe,True,unripe_to_ripe_by_mask_color,0.963415,False,,0.630769,5248.0,6530.210938,0.609756,0.365854,0.97561,0.012195,43.75,163.5625,94.8125,68.875,False,,,,,,,,,,,,,,,
session_20260630_103628,images_weak_noise_raw/weak_20260630_103656_000012.jpg,images_weak_noise_raw,141,9,model,2,unripe,0.754914,weak,color_corrected,weak/noise conf 0.75<0.85 bad_color gy=0.02,unripe_to_ripe_by_mask_color,2,unripe,1,ripe,1,ripe,True,unripe_to_ripe_by_mask_color,0.981818,False,,0.6875,3520.0,3815.525391,0.890909,0.109091,1.0,0.018182,685.0,471.539062,70.75,53.929688,False,,,,,,,,,,,,,,,
session_20260630_103628,images_weak_noise_raw/weak_20260630_103656_000012.jpg,images_weak_noise_raw,141,12,model,2,unripe,0.585101,weak,color_corrected,weak/noise conf 0.59<0.85 bad_color gy=0.00,unripe_to_ripe_by_mask_color,2,unripe,1,ripe,1,ripe,True,unripe_to_ripe_by_mask_color,1.0,False,,0.666667,3456.0,4297.849609,1.0,0.0,1.0,0.0,49.09375,100.40625,63.953125,67.203125,False,,,,,,,,,,,,,,,
session_20260630_103628,images_weak_noise_raw/weak_20260630_103659_000013.jpg,images_weak_noise_raw,142,8,model,2,unripe,0.737159,weak,color_corrected,weak/noise conf 0.74<0.85 bad_color gy=0.00,unripe_to_ripe_by_mask_color,2,unripe,1,ripe,1,ripe,True,unripe_to_ripe_by_mask_color,1.0,False,,0.675,3456.0,3787.40918,1.0,0.0,1.0,0.0,635.5625,277.796875,71.0625,53.296875,False,,,,,,,,,,,,,,,
session_20260630_103628,images_weak_noise_raw/weak_20260630_103700_000014.jpg,images_weak_noise_raw,143,6,model,2,unripe,0.766291,weak,color_corrected,weak/noise conf 0.77<0.85 bad_color gy=0.00,unripe_to_ripe_by_mask_color,2,unripe,1,ripe,1,ripe,True,unripe_to_ripe_by_mask_color,0.958333,False,,0.625,3200.0,3586.64209,0.9375,0.020833,0.958333,0.0,444.40625,479.6875,70.21875,51.078125,False,,,,,,,,,,,,,,,
session_20260630_103628,images_weak_noise_raw/weak_20260630_103702_000015.jpg,images_weak_noise_raw,144,4,model,2,unripe,0.750553,weak,color_corrected,weak/noise conf 0.75<0.85 bad_color gy=0.00,unripe_to_ripe_by_mask_color,2,unripe,1,ripe,1,ripe,True,unripe_to_ripe_by_mask_color,1.0,False,,0.5875,3008.0,3666.529297,0.978723,0.021277,1.0,0.0,488.90625,479.6875,71.28125,51.4375,False,,,,,,,,,,,,,,,
session_20260630_103628,images_weak_noise_raw/weak_20260630_103703_000016.jpg,images_weak_noise_raw,145,0,model,2,unripe,0.82671,weak,color_corrected,weak/noise conf 0.83<0.85 bad_color gy=0.00,unripe_to_ripe_by_mask_color,2,unripe,1,ripe,1,ripe,True,unripe_to_ripe_by_mask_color,0.962264,False,,0.771429,3456.0,3547.814941,0.90566,0.056604,0.962264,0.0,469.15625,480.3125,70.40625,50.390625,False,,,,,,,,,,,,,,,
session_20260630_103628,images_weak_noise_raw/weak_20260630_103703_000016.jpg,images_weak_noise_raw,145,8,model,2,unripe,0.542863,weak,color_corrected,weak/noise conf 0.54<0.85,unripe_to_ripe_by_mask_color,2,unripe,1,ripe,1,ripe,True,unripe_to_ripe_by_mask_color,0.795455,False,,0.625,3200.0,3662.387695,0.704545,0.181818,0.886364,0.090909,463.59375,530.625,65.65625,55.78125,False,,,,,,,,,,,,,,,
session_20260630_103628,images_weak_noise_raw/weak_20260630_103745_000033.jpg,images_weak_noise_raw,162,5,model,2,unripe,0.569853,weak,color_corrected,weak/noise conf 0.57<0.85,unripe_to_ripe_by_mask_color,2,unripe,1,ripe,1,ripe,True,unripe_to_ripe_by_mask_color,0.894737,False,,0.595238,1600.0,1673.151123,0.578947,0.421053,1.0,0.105263,1164.421875,479.5625,46.328125,36.115234,False,,,,,,,,,,,,,,,
session_20260630_103628,images_weak_noise_raw/weak_20260630_103746_000034.jpg,images_weak_noise_raw,163,1,model,2,unripe,0.744657,weak,color_corrected,weak/noise conf 0.74<0.85 bad_color gy=0.05,unripe_to_ripe_by_mask_color,2,unripe,1,ripe,1,ripe,True,unripe_to_ripe_by_mask_color,0.90909,False,,0.571429,1536.0,1809.420776,0.590909,0.363636,0.954545,0.045455,1096.695312,492.0625,48.554688,37.265625,False,,,,,,,,,,,,,,,
session_20260630_103628,images_weak_noise_raw/weak_20260630_103748_000035.jpg,images_weak_noise_raw,164,3,model,2,unripe,0.743169,weak,color_corrected,weak/noise conf 0.74<0.85 bad_color gy=0.00,unripe_to_ripe_by_mask_color,2,unripe,1,ripe,1,ripe,True,unripe_to_ripe_by_mask_color,1.0,False,,0.642857,1728.0,1989.140259,0.461538,0.538462,1.0,0.0,1026.671875,401.867188,52.078125,38.195312,False,,,,,,,,,,,,,,,
session_20260630_103628,images_weak_noise_raw/weak_20260630_103749_000036.jpg,images_weak_noise_raw,165,2,model,2,unripe,0.762068,weak,color_corrected,weak/noise conf 0.76<0.85,unripe_to_ripe_by_mask_color,2,unripe,1,ripe,1,ripe,True,unripe_to_ripe_by_mask_color,0.821429,False,,0.714286,1920.0,1945.346191,0.321429,0.642857,0.964286,0.142857,1035.21875,221.4375,50.734375,38.34375,False,,,,,,,,,,,,,,,
session_20260630_103628,images_weak_noise_raw/weak_20260630_103749_000036.jpg,images_weak_noise_raw,165,7,model,2,unripe,0.660173,weak,color_corrected,weak/noise conf 0.66<0.85 bad_color gy=0.00,unripe_to_ripe_by_mask_color,2,unripe,1,ripe,1,ripe,True,unripe_to_ripe_by_mask_color,1.0,False,,0.75,2688.0,2930.844238,0.738095,0.261905,1.0,0.0,577.90625,497.757812,57.546875,50.929688,False,,,,,,,,,,,,,,,
session_20260630_103628,images_weak_noise_raw/weak_20260630_103749_000036.jpg,images_weak_noise_raw,165,8,model,2,unripe,0.651354,weak,color_corrected,weak/noise conf 0.65<0.85,unripe_to_ripe_by_mask_color,2,unripe,1,ripe,1,ripe,True,unripe_to_ripe_by_mask_color,0.666666,False,,0.597222,2752.0,3642.556641,0.428571,0.452381,0.880952,0.214286,565.09375,402.1875,66.078125,55.125,False,,,,,,,,,,,,,,,
session_20260630_103628,images_weak_noise_raw/weak_20260630_103749_000036.jpg,images_weak_noise_raw,165,11,model,2,unripe,0.505859,weak,color_corrected,weak/noise conf 0.51<0.85,unripe_to_ripe_by_mask_color,2,unripe,1,ripe,1,ripe,True,unripe_to_ripe_by_mask_color,0.8260860000000001,False,,0.766667,1472.0,1454.340088,0.086957,0.826087,0.913043,0.086957,587.539062,464.0,41.148438,35.34375,False,,,,,,,,,,,,,,,
session_20260630_103628,images_weak_noise_raw/weak_20260630_103751_000037.jpg,images_weak_noise_raw,166,0,model,2,unripe,0.809277,weak,color_corrected,weak/noise conf 0.81<0.85 bad_color gy=0.07,unripe_to_ripe_by_mask_color,2,unripe,1,ripe,1,ripe,True,unripe_to_ripe_by_mask_color,0.9305559999999999,False,,0.727273,4608.0,5420.051758,0.013889,0.986111,1.0,0.069444,544.5625,541.125,70.304688,77.09375,False,,,,,,,,,,,,,,,
session_20260630_103628,images_weak_noise_raw/weak_20260630_103751_000037.jpg,images_weak_noise_raw,166,3,model,2,unripe,0.754914,weak,color_corrected,weak/noise conf 0.75<0.85 bad_color gy=0.00,unripe_to_ripe_by_mask_color,2,unripe,1,ripe,1,ripe,True,unripe_to_ripe_by_mask_color,1.0,False,,0.725275,8448.0,10095.820312,0.878788,0.121212,1.0,0.0,522.5,620.3125,105.75,95.46875,False,,,,,,,,,,,,,,,
session_20260630_103628,images_weak_noise_raw/weak_20260630_103751_000037.jpg,images_weak_noise_raw,166,5,model,2,unripe,0.589834,weak,color_corrected,weak/noise conf 0.59<0.85,unripe_to_ripe_by_mask_color,2,unripe,1,ripe,1,ripe,True,unripe_to_ripe_by_mask_color,0.520548,False,,0.721154,9600.0,12247.273438,0.452055,0.369863,0.821918,0.30137,497.5625,440.0,123.359375,99.28125,False,,,,,,,,,,,,,,,
session_20260630_103628,images_weak_noise_raw/weak_20260630_103759_000040.jpg,images_weak_noise_raw,169,1,model,2,unripe,0.859661,weak,color_corrected,weak/noise bad_color gy=0.00,unripe_to_ripe_by_mask_color,2,unripe,1,ripe,1,ripe,True,unripe_to_ripe_by_mask_color,1.0,False,,0.725,7424.0,8930.746094,0.905172,0.094828,1.0,0.0,191.5625,641.78125,115.375,77.40625,False,,,,,,,,,,,,,,,
session_20260630_103628,images_weak_noise_raw/weak_20260630_103759_000040.jpg,images_weak_noise_raw,169,2,model,2,unripe,0.848973,weak,color_corrected,weak/noise conf 0.85<0.85 bad_color gy=0.04,unripe_to_ripe_by_mask_color,2,unripe,1,ripe,1,ripe,True,unripe_to_ripe_by_mask_color,0.948717,False,,0.709091,4992.0,5960.613281,0.410256,0.576923,0.987179,0.038462,1040.53125,110.46875,87.375,68.21875,False,,,,,,,,,,,,,,,
session_20260630_103628,images_weak_noise_raw/weak_20260630_103759_000040.jpg,images_weak_noise_raw,169,6,model,2,unripe,0.769078,weak,color_corrected,weak/noise conf 0.77<0.85,unripe_to_ripe_by_mask_color,2,unripe,1,ripe,1,ripe,True,unripe_to_ripe_by_mask_color,0.918919,False,,0.672727,4736.0,6102.545898,0.027027,0.972973,1.0,0.081081,213.34375,560.234375,74.265625,82.171875,False,,,,,,,,,,,,,,,
session_20260630_103628,images_weak_noise_raw/weak_20260630_103759_000040.jpg,images_weak_noise_raw,169,8,model,2,unripe,0.653127,weak,color_corrected,weak/noise conf 0.65<0.85 bad_color gy=0.00,unripe_to_ripe_by_mask_color,2,unripe,1,ripe,1,ripe,True,unripe_to_ripe_by_mask_color,0.971429,False,,0.645455,4544.0,5861.48291,0.9,0.071429,0.971429,0.0,981.03125,60.53125,81.515625,71.90625,False,,,,,,,,,,,,,,,
session_20260630_103628,images_weak_noise_raw/weak_20260630_103802_000042.jpg,images_weak_noise_raw,171,1,model,2,unripe,0.756356,weak,color_corrected,weak/noise conf 0.76<0.85 bad_color gy=0.01,unripe_to_ripe_by_mask_color,2,unripe,1,ripe,1,ripe,True,unripe_to_ripe_by_mask_color,0.980392,False,,0.6375,13056.0,16801.917969,0.504902,0.490196,0.995098,0.014706,807.875,23.6875,148.648438,113.03125,False,,,,,,,,,,,,,,,
session_20260630_103628,images_weak_noise_raw/weak_20260630_103803_000043.jpg,images_weak_noise_raw,172,0,model,2,unripe,0.879147,weak,color_corrected,weak/noise bad_color gy=0.01,unripe_to_ripe_by_mask_color,2,unripe,1,ripe,1,ripe,True,unripe_to_ripe_by_mask_color,0.9740260000000001,False,,0.722222,4992.0,5811.924805,0.428571,0.558442,0.987013,0.012987,736.46875,300.75,89.125,65.210938,False,,,,,,,,,,,,,,,
session_20260630_103628,images_weak_noise_raw/weak_20260630_103803_000043.jpg,images_weak_noise_raw,172,7,model,2,unripe,0.575588,weak,color_corrected,weak/noise conf 0.58<0.85 bad_color gy=0.00,unripe_to_ripe_by_mask_color,2,unripe,1,ripe,1,ripe,True,unripe_to_ripe_by_mask_color,0.985075,False,,0.618182,4352.0,5701.866211,0.955224,0.029851,0.985075,0.0,680.96875,251.09375,79.78125,71.46875,False,,,,,,,,,,,,,,,
session_20260630_103628,images_weak_noise_raw/weak_20260630_103812_000048.jpg,images_weak_noise_raw,177,2,model,2,unripe,0.77865,weak,color_corrected,weak/noise conf 0.78<0.85 bad_color gy=0.00,unripe_to_ripe_by_mask_color,2,unripe,1,ripe,1,ripe,True,unripe_to_ripe_by_mask_color,0.966667,False,,0.61,3904.0,4703.296875,0.8,0.166667,0.966667,0.0,599.5,418.65625,67.25,69.9375,False,,,,,,,,,,,,,,,
session_20260630_103628,images_weak_noise_raw/weak_20260630_103813_000049.jpg,images_weak_noise_raw,178,0,model,2,unripe,0.811677,weak,color_corrected,weak/noise conf 0.81<0.85 bad_color gy=0.00,unripe_to_ripe_by_mask_color,2,unripe,1,ripe,1,ripe,True,unripe_to_ripe_by_mask_color,0.983871,False,,0.688889,3968.0,4662.225586,0.177419,0.806452,0.983871,0.0,978.5,411.03125,70.53125,66.101562,False,,,,,,,,,,,,,,,
session_20260630_103628,images_weak_noise_raw/weak_20260630_103815_000050.jpg,images_weak_noise_raw,179,1,model,2,unripe,0.744657,weak,color_corrected,weak/noise conf 0.74<0.85 bad_color gy=0.00,unripe_to_ripe_by_mask_color,2,unripe,1,ripe,1,ripe,True,unripe_to_ripe_by_mask_color,1.0,False,,0.666667,3456.0,4340.838867,0.092593,0.907407,1.0,0.0,512.46875,425.25,67.578125,64.234375,False,,,,,,,,,,,,,,,
session_20260630_103628,images_weak_noise_raw/weak_20260630_103816_000051.jpg,images_weak_noise_raw,180,7,model,2,unripe,0.581303,weak,color_corrected,weak/noise conf 0.58<0.85,unripe_to_ripe_by_mask_color,2,unripe,1,ripe,1,ripe,True,unripe_to_ripe_by_mask_color,0.545455,False,,0.916667,1408.0,1239.200317,0.363636,0.454545,0.818182,0.272727,811.445312,648.832031,42.101562,29.433594,False,,,,,,,,,,,,,,,
session_20260630_103628,images_weak_noise_raw/weak_20260630_103824_000056.jpg,images_weak_noise_raw,185,6,model,2,unripe,0.542863,weak,color_corrected,weak/noise conf 0.54<0.85 bad_color gy=0.00,unripe_to_ripe_by_mask_color,2,unripe,1,ripe,1,ripe,True,unripe_to_ripe_by_mask_color,1.0,False,,0.666667,1792.0,2112.075684,0.962963,0.037037,1.0,0.0,588.0,659.296875,48.78125,43.296875,False,,,,,,,,,,,,,,,
session_20260630_103628,images_weak_noise_raw/weak_20260630_103830_000060.jpg,images_weak_noise_raw,189,6,model,2,unripe,0.602062,weak,color_corrected,weak/noise conf 0.60<0.85 bad_color gy=0.00,unripe_to_ripe_by_mask_color,2,unripe,1,ripe,1,ripe,True,unripe_to_ripe_by_mask_color,0.789474,False,,0.76,1216.0,1024.713501,0.789474,0.0,0.789474,0.0,470.296875,562.835938,32.203125,31.820312,False,,,,,,,,,,,,,,,
session_20260630_103628,images_weak_noise_raw/weak_20260630_103830_000060.jpg,images_weak_noise_raw,189,9,model,2,unripe,0.542863,weak,color_corrected,weak/noise conf 0.54<0.85 bad_color gy=0.00,unripe_to_ripe_by_mask_color,2,unripe,1,ripe,1,ripe,True,unripe_to_ripe_by_mask_color,0.9,False,,0.638889,1472.0,1699.827637,0.85,0.05,0.9,0.0,452.0,520.902344,39.875,42.628906,False,,,,,,,,,,,,,,,
session_20260630_103628,images_weak_noise_raw/weak_20260630_103833_000062.jpg,images_weak_noise_raw,191,8,model,2,unripe,0.558327,weak,color_corrected,weak/noise conf 0.56<0.85,unripe_to_ripe_by_mask_color,2,unripe,1,ripe,1,ripe,True,unripe_to_ripe_by_mask_color,0.5,False,,0.666667,1792.0,1792.552124,0.464286,0.321429,0.785714,0.285714,1114.203125,165.453125,42.007812,42.671875,False,,,,,,,,,,,,,,,
session_20260630_103628,images_weak_noise_raw/weak_20260630_103849_000065.jpg,images_weak_noise_raw,194,1,model,2,unripe,0.679178,weak,color_corrected,weak/noise conf 0.68<0.85 bad_color gy=0.00,unripe_to_ripe_by_mask_color,2,unripe,1,ripe,1,ripe,True,unripe_to_ripe_by_mask_color,0.819444,False,,0.74,4736.0,4961.03125,0.791667,0.027778,0.819444,0.0,749.296875,230.53125,71.078125,69.796875,False,,,,,,,,,,,,,,,
session_20260630_103628,images_weak_noise_raw/weak_20260630_103851_000066.jpg,images_weak_noise_raw,195,0,model,2,unripe,0.805633,weak,color_corrected,weak/noise conf 0.81<0.85 bad_color gy=0.04,unripe_to_ripe_by_mask_color,2,unripe,1,ripe,1,ripe,True,unripe_to_ripe_by_mask_color,0.959596,False,,0.765152,6464.0,7297.258301,0.69697,0.30303,1.0,0.040404,988.171875,270.34375,82.078125,88.90625,False,,,,,,,,,,,,,,,
session_20260630_103628,images_weak_noise_raw/weak_20260630_103852_000067.jpg,images_weak_noise_raw,196,2,model,2,unripe,0.732591,weak,color_corrected,weak/noise conf 0.73<0.85,unripe_to_ripe_by_mask_color,2,unripe,1,ripe,1,ripe,True,unripe_to_ripe_by_mask_color,0.89011,False,,0.689394,5824.0,6986.447754,0.769231,0.208791,0.978022,0.087912,665.578125,179.28125,80.390625,86.90625,False,,,,,,,,,,,,,,,
session_20260630_103628,images_weak_noise_raw/weak_20260630_103854_000068.jpg,images_weak_noise_raw,197,3,model,2,unripe,0.680029,weak,color_corrected,weak/noise conf 0.68<0.85 bad_color gy=0.07,unripe_to_ripe_by_mask_color,2,unripe,1,ripe,1,ripe,True,unripe_to_ripe_by_mask_color,0.9072159999999999,False,,0.734848,6208.0,7268.914062,0.71134,0.268041,0.979381,0.072165,665.9375,188.625,80.375,90.4375,False,,,,,,,,,,,,,,,
session_20260630_103628,images_weak_noise_raw/weak_20260630_103855_000069.jpg,images_weak_noise_raw,198,0,model,2,unripe,0.885629,strong,color_corrected,,unripe_to_ripe_by_mask_color,2,unripe,1,ripe,1,ripe,True,unripe_to_ripe_by_mask_color,0.8666670000000001,False,,0.729167,6720.0,8016.228516,0.761905,0.190476,0.952381,0.085714,638.84375,272.34375,84.1875,95.21875,False,,,,,,,,,,,,,,,
session_20260630_103628,images_weak_noise_raw/weak_20260630_103857_000070.jpg,images_weak_noise_raw,199,2,model,2,unripe,0.705785,weak,color_corrected,weak/noise conf 0.71<0.85 bad_color gy=0.07,unripe_to_ripe_by_mask_color,2,unripe,1,ripe,1,ripe,True,unripe_to_ripe_by_mask_color,0.907895,False,,0.76,4864.0,5464.746094,0.723684,0.25,0.973684,0.065789,422.15625,234.21875,71.875,76.03125,False,,,,,,,,,,,,,,,
session_20260630_103628,images_weak_noise_raw/weak_20260630_103858_000071.jpg,images_weak_noise_raw,200,8,model,2,unripe,0.517571,weak,color_corrected,weak/noise conf 0.52<0.85,unripe_to_ripe_by_mask_color,2,unripe,1,ripe,1,ripe,True,unripe_to_ripe_by_mask_color,0.836364,False,,0.691358,3584.0,4054.796631,0.763636,0.163636,0.927273,0.090909,452.390625,248.46875,62.546875,64.828125,False,,,,,,,,,,,,,,,
session_20260630_103628,images_weak_noise_raw/weak_20260630_103900_000072.jpg,images_weak_noise_raw,201,3,model,2,unripe,0.564099,weak,color_corrected,weak/noise conf 0.56<0.85 bad_color gy=0.03,unripe_to_ripe_by_mask_color,2,unripe,1,ripe,1,ripe,True,unripe_to_ripe_by_mask_color,0.935484,False,,0.7,4032.0,4343.223633,0.806452,0.16129,0.967742,0.032258,354.578125,215.84375,65.265625,66.546875,False,,,,,,,,,,,,,,,
session_20260630_103628,images_weak_noise_raw/weak_20260630_103907_000076.jpg,images_weak_noise_raw,205,3,model,2,unripe,0.627952,weak,color_corrected,weak/noise conf 0.63<0.85 bad_color gy=0.03,unripe_to_ripe_by_mask_color,2,unripe,1,ripe,1,ripe,True,unripe_to_ripe_by_mask_color,0.9173549999999999,False,,0.785714,7744.0,8983.990234,0.603306,0.347107,0.950413,0.033058,251.125,0.0,106.4375,84.40625,False,,,,,,,,,,,,,,,
session_20260630_103628,images_weak_noise_raw/weak_20260630_103919_000081.jpg,images_weak_noise_raw,210,6,model,2,unripe,0.580352,weak,color_corrected,weak/noise conf 0.58<0.85 bad_color gy=0.03,unripe_to_ripe_by_mask_color,2,unripe,1,ripe,1,ripe,True,unripe_to_ripe_by_mask_color,0.959677,False,,0.738095,7936.0,9557.458984,0.733871,0.258065,0.991935,0.032258,617.8125,252.5,93.671875,102.03125,False,,,,,,,,,,,,,,,
session_20260630_103628,images_weak_noise_raw/weak_20260630_103920_000082.jpg,images_weak_noise_raw,211,10,model,2,unripe,0.52342,weak,color_corrected,weak/noise conf 0.52<0.85 bad_color gy=0.02,unripe_to_ripe_by_mask_color,2,unripe,1,ripe,1,ripe,True,unripe_to_ripe_by_mask_color,0.96875,False,,0.793388,6144.0,7061.210938,0.760417,0.229167,0.989583,0.020833,571.84375,257.109375,81.5,86.640625,False,,,,,,,,,,,,,,,
session_20260630_103628,images_weak_noise_raw/weak_20260630_103931_000087.jpg,images_weak_noise_raw,216,0,model,2,unripe,0.811677,weak,color_corrected,weak/noise conf 0.81<0.85 bad_color gy=0.04,unripe_to_ripe_by_mask_color,2,unripe,1,ripe,1,ripe,True,unripe_to_ripe_by_mask_color,0.826087,False,,0.761905,3072.0,3554.539307,0.652174,0.217391,0.869565,0.043478,760.484375,353.453125,65.578125,54.203125,False,,,,,,,,,,,,,,,
session_20260630_103628,images_weak_noise_raw/weak_20260630_103932_000088.jpg,images_weak_noise_raw,217,4,model,2,unripe,0.560253,weak,color_corrected,weak/noise conf 0.56<0.85 bad_color gy=0.04,unripe_to_ripe_by_mask_color,2,unripe,1,ripe,1,ripe,True,unripe_to_ripe_by_mask_color,0.678572,False,,0.62963,3264.0,3861.464844,0.535714,0.178571,0.714286,0.035714,760.375,374.875,65.9375,58.5625,False,,,,,,,,,,,,,,,
session_20260630_103628,images_weak_noise_raw/weak_20260630_103937_000091.jpg,images_weak_noise_raw,220,0,model,2,unripe,0.773215,weak,color_corrected,weak/noise conf 0.77<0.85 bad_color gy=0.00,unripe_to_ripe_by_mask_color,2,unripe,1,ripe,1,ripe,True,unripe_to_ripe_by_mask_color,0.76,False,,0.694444,3200.0,3639.748535,0.64,0.12,0.76,0.0,768.78125,267.875,63.59375,57.234375,False,,,,,,,,,,,,,,,
session_20260630_103628,images_weak_noise_raw/weak_20260630_103951_000092.jpg,images_weak_noise_raw,221,1,model,2,unripe,0.700075,weak,color_corrected,weak/noise conf 0.70<0.85 bad_color gy=0.03,unripe_to_ripe_by_mask_color,2,unripe,1,ripe,1,ripe,True,unripe_to_ripe_by_mask_color,0.92683,False,,0.775148,8384.0,10039.365234,0.01626,0.943089,0.95935,0.03252,0.4375,194.65625,99.0625,101.34375,False,,,,,,,,,,,,,,,
session_20260630_103628,images_weak_noise_raw/weak_20260630_103953_000093.jpg,images_weak_noise_raw,222,1,model,2,unripe,0.843897,weak,color_corrected,weak/noise conf 0.84<0.85,unripe_to_ripe_by_mask_color,2,unripe,1,ripe,1,ripe,True,unripe_to_ripe_by_mask_color,0.588236,False,,0.659091,5568.0,6559.837891,0.411765,0.382353,0.794118,0.205882,487.96875,186.0,82.9375,79.09375,False,,,,,,,,,,,,,,,
session_20260630_103628,images_weak_noise_raw/weak_20260630_103958_000094.jpg,images_weak_noise_raw,223,0,model,2,unripe,0.834406,weak,color_corrected,weak/noise conf 0.83<0.85,unripe_to_ripe_by_mask_color,2,unripe,1,ripe,1,ripe,True,unripe_to_ripe_by_mask_color,0.6875,False,,0.734848,6208.0,6986.084961,0.46875,0.3125,0.78125,0.09375,435.25,353.21875,86.28125,80.96875,False,,,,,,,,,,,,,,,
session_20260630_103628,images_weak_noise_raw/weak_20260630_104000_000095.jpg,images_weak_noise_raw,224,0,model,2,unripe,0.689306,weak,color_corrected,weak/noise conf 0.69<0.85 bad_color gy=0.05,unripe_to_ripe_by_mask_color,2,unripe,1,ripe,1,ripe,True,unripe_to_ripe_by_mask_color,0.8205129999999999,False,,0.694444,3200.0,3630.42334,0.435897,0.435897,0.871795,0.051282,221.796875,358.375,65.671875,55.28125,False,,,,,,,,,,,,,,,
session_20260630_103628,images_weak_noise_raw/weak_20260630_104009_000101.jpg,images_weak_noise_raw,230,6,model,2,unripe,0.786623,weak,color_corrected,weak/noise conf 0.79<0.85,unripe_to_ripe_by_mask_color,2,unripe,1,ripe,1,ripe,True,unripe_to_ripe_by_mask_color,0.574468,False,,0.666667,3072.0,3205.164551,0.0,0.851064,0.851064,0.276596,764.40625,398.28125,61.453125,52.15625,False,,,,,,,,,,,,,,,
